###display tables###
mysql> select * from Product;
+-------+-------+---------+
| maker | model | type    |
+-------+-------+---------+
| A     |  1001 | pc      |
| A     |  1002 | pc      |
| A     |  1003 | pc      |
| A     |  2004 | laptop  |
| A     |  2005 | laptop  |
| A     |  2006 | laptop  |
| B     |  1004 | pc      |
| B     |  1005 | pc      |
| B     |  1006 | pc      |
| B     |  2007 | laptop  |
| C     |  1007 | pc      |
| D     |  1008 | pc      |
| D     |  1009 | pc      |
| D     |  1010 | pc      |
| D     |  3004 | printer |
| D     |  3005 | printer |
| E     |  1011 | pc      |
| E     |  1012 | pc      |
| E     |  1013 | pc      |
| E     |  2001 | laptop  |
| E     |  2002 | laptop  |
| E     |  2003 | laptop  |
| E     |  3001 | printer |
| E     |  3002 | printer |
| E     |  3003 | printer |
| F     |  2008 | laptop  |
| F     |  2009 | laptop  |
| G     |  2010 | laptop  |
| H     |  3006 | printer |
| H     |  3007 | printer |
+-------+-------+---------+
30 rows in set (0.06 sec)

mysql> select * from PC;
+-------+-------+------+------+-------+
| model | speed | ram  | hd   | price |
+-------+-------+------+------+-------+
|  1001 |  2.66 | 1024 |  250 |  2114 |
|  1002 |   2.1 |  512 |  250 |   995 |
|  1003 |  1.42 |  512 |   80 |   478 |
|  1004 |   2.8 | 1024 |  250 |   649 |
|  1005 |   3.2 |  512 |  250 |   630 |
|  1006 |   3.2 | 1024 |  320 |  1049 |
|  1007 |   2.2 | 1024 |  200 |   510 |
|  1008 |   2.2 | 2048 |  250 |   770 |
|  1009 |     2 | 1024 |  250 |   650 |
|  1010 |   2.8 | 2048 |  300 |   770 |
|  1011 |  1.86 | 2048 |  160 |   959 |
|  1012 |   2.8 | 1024 |  160 |   649 |
|  1013 |  3.06 |  512 |   80 |   529 |
+-------+-------+------+------+-------+
13 rows in set (0.07 sec)

mysql> select * from Printer;
+-------+-------+---------+-------+
| model | color | type    | price |
+-------+-------+---------+-------+
|  3001 | true  | ink-jet |    99 |
|  3002 | false | laser   |   239 |
|  3003 | true  | laser   |   899 |
|  3004 | true  | ink-jet |   120 |
|  3005 | false | laser   |   120 |
|  3006 | true  | ink-jet |   100 |
|  3007 | true  | laser   |   200 |
+-------+-------+---------+-------+
7 rows in set (0.06 sec)

mysql> select * from Laptop;
+-------+-------+------+------+--------+-------+
| model | speed | ram  | hd   | screen | price |
+-------+-------+------+------+--------+-------+
|  2001 |     2 | 2048 |  240 |   20.1 |  3673 |
|  2002 |  1.73 | 1024 |   80 |     17 |   949 |
|  2003 |   1.8 |  512 |   60 |   15.4 |   549 |
|  2004 |     2 |  512 |   60 |   13.3 |  1150 |
|  2005 |  2.16 | 1024 |  120 |     17 |  2500 |
|  2006 |     2 | 2048 |   80 |   15.4 |  1700 |
|  2007 |  1.83 | 1024 |  120 |   13.3 |  1429 |
|  2008 |   1.6 | 1024 |  100 |   15.4 |   900 |
|  2009 |   1.6 |  512 |   80 |   14.1 |   680 |
|  2010 |     2 | 2048 |  160 |   15.4 |  2300 |
+-------+-------+------+------+--------+-------+
10 rows in set (0.07 sec)

###6.3.1###

a.)
mysql> select maker from Product natural join PC where speed >= 3;
+-------+
| maker |
+-------+
| B     |
| B     |
| E     |
+-------+
3 rows in set (0.06 sec)

b.)
mysql> select model from Printer where price = (select max(price) from Printer);
+-------+
| model |
+-------+
|  3003 |
+-------+
1 row in set (0.06 sec)

c.)
mysql> select model from Laptop where speed < all(select speed from PC);
Empty set (0.06 sec)

d.)
mysql> select model from (select model, max(price) from (select * from (select model, price from PC union select model, price from Laptop) as t1 union select model, price from Printer as t2) as t3) as t4;
+-------+
| model |
+-------+
|  1001 |
+-------+
1 row in set (0.07 sec)

e.)
mysql> select maker from Product join Printer on Printer.model = Product.model where color like '%true' and price = (select min(price) from Printer);
+-------+
| maker |
+-------+
| E     |
+-------+
1 row in set (0.06 sec)

f.)
mysql> select model from (select model, max(speed) from (select * from (select * from (PC natural join Product)) as t1 where ram=(select min(ram) from PC)) as t2) as t3;
+-------+
| model |
+-------+
|  1002 |
+-------+
1 row in set (0.07 sec)

###6.5.1###

a.)
mysql> insert into Product values('C', 1100, 'pc');
Query OK, 1 row affected (0.10 sec)

mysql>         insert into PC values(1100, 3.2, 1024, 180, 2499);
Query OK, 1 row affected (0.10 sec)

mysql>         select * from Product;
+-------+-------+---------+
| maker | model | type    |
+-------+-------+---------+
| A     |  1001 | pc      |
| A     |  1002 | pc      |
| A     |  1003 | pc      |
| A     |  2004 | laptop  |
| A     |  2005 | laptop  |
| A     |  2006 | laptop  |
| B     |  1004 | pc      |
| B     |  1005 | pc      |
| B     |  1006 | pc      |
| B     |  2007 | laptop  |
| C     |  1007 | pc      |
| D     |  1008 | pc      |
| D     |  1009 | pc      |
| D     |  1010 | pc      |
| D     |  3004 | printer |
| D     |  3005 | printer |
| E     |  1011 | pc      |
| E     |  1012 | pc      |
| E     |  1013 | pc      |
| E     |  2001 | laptop  |
| E     |  2002 | laptop  |
| E     |  2003 | laptop  |
| E     |  3001 | printer |
| E     |  3002 | printer |
| E     |  3003 | printer |
| F     |  2008 | laptop  |
| F     |  2009 | laptop  |
| G     |  2010 | laptop  |
| H     |  3006 | printer |
| H     |  3007 | printer |
| C     |  1100 | pc      |
+-------+-------+---------+
31 rows in set (0.08 sec)

mysql>         select * from PC;
+-------+-------+------+------+-------+
| model | speed | ram  | hd   | price |
+-------+-------+------+------+-------+
|  1001 |  2.66 | 1024 |  250 |  2114 |
|  1002 |   2.1 |  512 |  250 |   995 |
|  1003 |  1.42 |  512 |   80 |   478 |
|  1004 |   2.8 | 1024 |  250 |   649 |
|  1005 |   3.2 |  512 |  250 |   630 |
|  1006 |   3.2 | 1024 |  320 |  1049 |
|  1007 |   2.2 | 1024 |  200 |   510 |
|  1008 |   2.2 | 2048 |  250 |   770 |
|  1009 |     2 | 1024 |  250 |   650 |
|  1010 |   2.8 | 2048 |  300 |   770 |
|  1011 |  1.86 | 2048 |  160 |   959 |
|  1012 |   2.8 | 1024 |  160 |   649 |
|  1013 |  3.06 |  512 |   80 |   529 |
|  1100 |   3.2 | 1024 |  180 |  2499 |
+-------+-------+------+------+-------+
14 rows in set (0.06 sec)

b.)
mysql>  insert into Laptop (select PC.model, PC.speed, PC.ram, PC.hd, 17, PC.price from PC);
Query OK, 13 rows affected (0.11 sec)
Records: 13  Duplicates: 0  Warnings: 0

mysql>         update Laptop set model=model+1100, price=price+500 where model = any(select model from PC);
Query OK, 13 rows affected (0.10 sec)
Rows matched: 13  Changed: 13  Warnings: 0

mysql>         insert into Product (select t1.maker, t1.model+1100, 'laptop' from (select * from Product where type='pc') as t1);
Query OK, 13 rows affected (0.10 sec)
Records: 13  Duplicates: 0  Warnings: 0

mysql>         select * from Laptop;
+-------+-------+------+------+--------+-------+
| model | speed | ram  | hd   | screen | price |
+-------+-------+------+------+--------+-------+
|  2001 |     2 | 2048 |  240 |   20.1 |  3673 |
|  2002 |  1.73 | 1024 |   80 |     17 |   949 |
|  2003 |   1.8 |  512 |   60 |   15.4 |   549 |
|  2004 |     2 |  512 |   60 |   13.3 |  1150 |
|  2005 |  2.16 | 1024 |  120 |     17 |  2500 |
|  2006 |     2 | 2048 |   80 |   15.4 |  1700 |
|  2007 |  1.83 | 1024 |  120 |   13.3 |  1429 |
|  2008 |   1.6 | 1024 |  100 |   15.4 |   900 |
|  2009 |   1.6 |  512 |   80 |   14.1 |   680 |
|  2010 |     2 | 2048 |  160 |   15.4 |  2300 |
|  2101 |  2.66 | 1024 |  250 |     17 |  2614 |
|  2102 |   2.1 |  512 |  250 |     17 |  1495 |
|  2103 |  1.42 |  512 |   80 |     17 |   978 |
|  2104 |   2.8 | 1024 |  250 |     17 |  1149 |
|  2105 |   3.2 |  512 |  250 |     17 |  1130 |
|  2106 |   3.2 | 1024 |  320 |     17 |  1549 |
|  2107 |   2.2 | 1024 |  200 |     17 |  1010 |
|  2108 |   2.2 | 2048 |  250 |     17 |  1270 |
|  2109 |     2 | 1024 |  250 |     17 |  1150 |
|  2110 |   2.8 | 2048 |  300 |     17 |  1270 |
|  2111 |  1.86 | 2048 |  160 |     17 |  1459 |
|  2112 |   2.8 | 1024 |  160 |     17 |  1149 |
|  2113 |  3.06 |  512 |   80 |     17 |  1029 |
+-------+-------+------+------+--------+-------+
23 rows in set (0.06 sec)

mysql>         select * from Product;
+-------+-------+---------+
| maker | model | type    |
+-------+-------+---------+
| A     |  1001 | pc      |
| A     |  1002 | pc      |
| A     |  1003 | pc      |
| A     |  2004 | laptop  |
| A     |  2005 | laptop  |
| A     |  2006 | laptop  |
| B     |  1004 | pc      |
| B     |  1005 | pc      |
| B     |  1006 | pc      |
| B     |  2007 | laptop  |
| C     |  1007 | pc      |
| D     |  1008 | pc      |
| D     |  1009 | pc      |
| D     |  1010 | pc      |
| D     |  3004 | printer |
| D     |  3005 | printer |
| E     |  1011 | pc      |
| E     |  1012 | pc      |
| E     |  1013 | pc      |
| E     |  2001 | laptop  |
| E     |  2002 | laptop  |
| E     |  2003 | laptop  |
| E     |  3001 | printer |
| E     |  3002 | printer |
| E     |  3003 | printer |
| F     |  2008 | laptop  |
| F     |  2009 | laptop  |
| G     |  2010 | laptop  |
| H     |  3006 | printer |
| H     |  3007 | printer |
| A     |  2101 | laptop  |
| A     |  2102 | laptop  |
| A     |  2103 | laptop  |
| B     |  2104 | laptop  |
| B     |  2105 | laptop  |
| B     |  2106 | laptop  |
| C     |  2107 | laptop  |
| D     |  2108 | laptop  |
| D     |  2109 | laptop  |
| D     |  2110 | laptop  |
| E     |  2111 | laptop  |
| E     |  2112 | laptop  |
| E     |  2113 | laptop  |
+-------+-------+---------+
43 rows in set (0.06 sec)

c.)
mysql> 
mysql>  delete from PC where(hd<100);
Query OK, 2 rows affected (0.11 sec)

mysql>         select * from PC;
+-------+-------+------+------+-------+
| model | speed | ram  | hd   | price |
+-------+-------+------+------+-------+
|  1001 |  2.66 | 1024 |  250 |  2114 |
|  1002 |   2.1 |  512 |  250 |   995 |
|  1004 |   2.8 | 1024 |  250 |   649 |
|  1005 |   3.2 |  512 |  250 |   630 |
|  1006 |   3.2 | 1024 |  320 |  1049 |
|  1007 |   2.2 | 1024 |  200 |   510 |
|  1008 |   2.2 | 2048 |  250 |   770 |
|  1009 |     2 | 1024 |  250 |   650 |
|  1010 |   2.8 | 2048 |  300 |   770 |
|  1011 |  1.86 | 2048 |  160 |   959 |
|  1012 |   2.8 | 1024 |  160 |   649 |
+-------+-------+------+------+-------+
11 rows in set (0.07 sec)

d.)
mysql> delete from Laptop where model = any(select model from Product where maker != (select maker from (select maker, type as type1 from Product where type = "printer" group by maker) as t2 natural join (select maker, type as type2 from Product where type = "Laptop" group by maker) as t1) and type = 'laptop');
Query OK, 7 rows affected (0.10 sec)

mysql> delete from Product where maker != (select maker from (select maker, type as type1 from Product where type = "printer" group by maker) as t2 natural join (select maker, type as type2 from Product where type = "Laptop" group by maker) as t1) and type = 'laptop';
Query OK, 7 rows affected (0.10 sec)

mysql> select * from Laptop;
+-------+-------+------+------+--------+-------+
| model | speed | ram  | hd   | screen | price |
+-------+-------+------+------+--------+-------+
|  2001 |     2 | 2048 |  240 |   20.1 |  3673 |
|  2002 |  1.73 | 1024 |   80 |     17 |   949 |
|  2003 |   1.8 |  512 |   60 |   15.4 |   549 |
+-------+-------+------+------+--------+-------+
3 rows in set (0.06 sec)

mysql>         select * from Product;
+-------+-------+---------+
| maker | model | type    |
+-------+-------+---------+
| A     |  1001 | pc      |
| A     |  1002 | pc      |
| A     |  1003 | pc      |
| B     |  1004 | pc      |
| B     |  1005 | pc      |
| B     |  1006 | pc      |
| C     |  1007 | pc      |
| D     |  1008 | pc      |
| D     |  1009 | pc      |
| D     |  1010 | pc      |
| D     |  3004 | printer |
| D     |  3005 | printer |
| E     |  1011 | pc      |
| E     |  1012 | pc      |
| E     |  1013 | pc      |
| E     |  2001 | laptop  |
| E     |  2002 | laptop  |
| E     |  2003 | laptop  |
| E     |  3001 | printer |
| E     |  3002 | printer |
| E     |  3003 | printer |
| H     |  3006 | printer |
| H     |  3007 | printer |
+-------+-------+---------+
23 rows in set (0.06 sec)

e.)
mysql> update Product set maker = 'A' where maker = 'B';
Query OK, 4 rows affected (0.18 sec)
Rows matched: 4  Changed: 4  Warnings: 0

mysql>         select * from Product;
+-------+-------+---------+
| maker | model | type    |
+-------+-------+---------+
| A     |  1001 | pc      |
| A     |  1002 | pc      |
| A     |  1003 | pc      |
| A     |  2004 | laptop  |
| A     |  2005 | laptop  |
| A     |  2006 | laptop  |
| A     |  1004 | pc      |
| A     |  1005 | pc      |
| A     |  1006 | pc      |
| A     |  2007 | laptop  |
| C     |  1007 | pc      |
| D     |  1008 | pc      |
| D     |  1009 | pc      |
| D     |  1010 | pc      |
| D     |  3004 | printer |
| D     |  3005 | printer |
| E     |  1011 | pc      |
| E     |  1012 | pc      |
| E     |  1013 | pc      |
| E     |  2001 | laptop  |
| E     |  2002 | laptop  |
| E     |  2003 | laptop  |
| E     |  3001 | printer |
| E     |  3002 | printer |
| E     |  3003 | printer |
| F     |  2008 | laptop  |
| F     |  2009 | laptop  |
| G     |  2010 | laptop  |
| H     |  3006 | printer |
| H     |  3007 | printer |
+-------+-------+---------+
30 rows in set (0.06 sec)

f.)
mysql> update PC set ram=2*ram, hd=60+hd;
Query OK, 13 rows affected (0.10 sec)
Rows matched: 13  Changed: 13  Warnings: 0

mysql>         select * from PC;
+-------+-------+------+------+-------+
| model | speed | ram  | hd   | price |
+-------+-------+------+------+-------+
|  1001 |  2.66 | 2048 |  310 |  2114 |
|  1002 |   2.1 | 1024 |  310 |   995 |
|  1003 |  1.42 | 1024 |  140 |   478 |
|  1004 |   2.8 | 2048 |  310 |   649 |
|  1005 |   3.2 | 1024 |  310 |   630 |
|  1006 |   3.2 | 2048 |  380 |  1049 |
|  1007 |   2.2 | 2048 |  260 |   510 |
|  1008 |   2.2 | 4096 |  310 |   770 |
|  1009 |     2 | 2048 |  310 |   650 |
|  1010 |   2.8 | 4096 |  360 |   770 |
|  1011 |  1.86 | 4096 |  220 |   959 |
|  1012 |   2.8 | 2048 |  220 |   649 |
|  1013 |  3.06 | 1024 |  140 |   529 |
+-------+-------+------+------+-------+
13 rows in set (0.06 sec)

g.)
mysql> update Laptop set screen=1+screen, price=price-100 where model = any(select model from Product where maker = 'B');
Query OK, 1 row affected (0.10 sec)
Rows matched: 1  Changed: 1  Warnings: 0

mysql>         select * from Laptop;
+-------+-------+------+------+--------+-------+
| model | speed | ram  | hd   | screen | price |
+-------+-------+------+------+--------+-------+
|  2001 |     2 | 2048 |  240 |   20.1 |  3673 |
|  2002 |  1.73 | 1024 |   80 |     17 |   949 |
|  2003 |   1.8 |  512 |   60 |   15.4 |   549 |
|  2004 |     2 |  512 |   60 |   13.3 |  1150 |
|  2005 |  2.16 | 1024 |  120 |     17 |  2500 |
|  2006 |     2 | 2048 |   80 |   15.4 |  1700 |
|  2007 |  1.83 | 1024 |  120 |   14.3 |  1329 |
|  2008 |   1.6 | 1024 |  100 |   15.4 |   900 |
|  2009 |   1.6 |  512 |   80 |   14.1 |   680 |
|  2010 |     2 | 2048 |  160 |   15.4 |  2300 |
+-------+-------+------+------+--------+-------+
10 rows in set (0.06 sec)

mysql> notee
